Settlement Point,Jan,Feb,Mar,Apr,May,Jun,Jul,Aug,Sep,Oct,Nov,Dec
LZ_AEN,34.50947580645161,50.7803125,29.89,34.63645833333333,33.7557123655914,41.47465277777778,49.17706989247312,152.27760752688172,35.33181944444444,30.38377688172043,26.188127600554783,27.795672043010757
LZ_CPS,34.02702956989248,51.77578869047619,30.24174966352624,35.33501388888889,35.94334677419354,43.61340277777778,49.27200268817205,153.85438172043013,36.08534722222223,31.544516129032257,26.426934812760056,26.652083333333334
LZ_HOUSTON,33.78936827956989,49.91709821428572,29.62347240915209,35.76955555555556,36.26048387096774,42.82490277777778,51.03236559139785,152.77638440860215,37.13576388888889,30.69615591397849,26.332676837725383,26.142137096774192
LZ_NORTH,34.10625,52.77842261904762,29.27192462987887,34.44554166666667,33.295725806451614,42.29343055555556,53.996653225806455,154.1678629032258,34.11181944444444,28.894489247311828,26.12339805825243,26.4375
LZ_SOUTH,33.79844086021505,61.57678571428571,32.4585733512786,34.90891666666666,34.46623655913979,40.850569444444446,48.90067204301075,152.48211021505378,35.54241666666667,31.227876344086024,26.547198335644936,26.908467741935485
LZ_WEST,31.37086021505376,46.61546130952381,20.53293405114401,25.31427777777777,31.59604838709677,38.109180555555554,58.281586021505376,157.7207258064516,35.09093055555556,26.94975806451613,21.718294036061025,28.574112903225807
